"entidad","municipio","seccion","pobtot","p_60ymas","p18ym_pb","pea","vph_inter","num_zu","num_ss","num_farm","total"
13,40,740,0.896973818429106,0.633811412877632,0.907828527191794,0.871449342175254,0.75806309869057,0,0,0.0862068965517241,0.680950550970918
22,10,195,0.811888713322799,0.717424473603906,1,0.836625412248661,1,0.28,0.0253164556962025,0.327586206896552,0.668849643418191
2,4,1786,1,0.305462313091242,0.623524288755564,1,0.824413393092539,0,0,0.120689655172414,0.63913310294221
30,67,1480,0.615296917815069,0.808361306072627,0.849380685117089,0.606475406929324,0.731610862114421,0.04,0.0108499095840868,0.103448275862069,0.635163026004641
15,121,5912,0.795647738864332,0.687213915166311,0.586558931681827,0.671796872229512,0.56788821513314,0,0.00180831826401447,0,0.631091399133914
22,14,553,0.585015100906054,0.603600854440037,0.791223146893749,0.606049859924111,0.748659811934265,0.16,0.00180831826401447,0.0862068965517241,0.623773640270706
26,49,1332,0.884893093585615,0.356728715288374,0.590332881749565,0.775346643497996,0.622726074347482,0.04,0.00361663652802893,0.0517241379310345,0.611847163120396
14,98,3453,0.84333059983599,0.470247177296308,0.527336946003484,0.733004716479308,0.626241321733017,0,0,0.0344827586206897,0.609671248548604
14,120,3026,0.845170710242615,0.452242905096125,0.504451325720921,0.728749246427178,0.556463661130152,0,0,0,0.608707784861699
23,1,175,0.643918635118107,0.704913030210558,0.720001935359009,0.574914004042697,0.664909042973899,0.52,0.0198915009041591,0.258620689655172,0.607268607964291
21,35,291,0.728503710222613,0.459566676838572,0.735000967679505,0.699563814319657,0.635556727304684,0,0.0126582278481013,0.0689655172413793,0.606395357248899
15,26,1054,0.73126387583255,0.609703997558743,0.775837042771434,0.627078974431717,0.665699973635645,0,0.0289330922242315,0.137931034482759,0.602472385300604
22,5,99,0.491449486969218,0.810497406164175,0.758225275788659,0.486790311713181,0.690570348888303,0.04,0.0126582278481013,0.103448275862069,0.597984622978543
5,30,777,0.821169270156209,0.49740616417455,0.586220243855235,0.699882974573566,0.579664293874681,0,0.00180831826401447,0.0689655172413793,0.597925471317412
19,42,1708,0.837450247014821,0.339334757400061,0.392394039094252,0.740487251320969,0.55444239388347,0.04,0,0,0.590410868871357
22,14,754,0.626717603056183,0.332621299969484,0.823785562221792,0.625341324160431,0.817822304244661,0.08,0.0054249547920434,0.137931034482759,0.589791994499632
23,8,874,0.660359621577295,0.378700030515716,0.718695568027869,0.61906450583354,0.590649441954478,0.08,0.00361663652802893,0.0517241379310345,0.589591339064382
31,50,638,0.417105026301578,0.563320109856576,0.665618347203406,0.406610163480975,0.590737323139116,0.44,0.0180831826401447,0.0689655172413793,0.589457760089766
15,109,5465,0.544912694761686,0.562099481232835,0.692084381652797,0.512394056526827,0.581246155198172,0,0,0,0.589273676937232
22,14,278,0.531111866712003,0.530668294171498,0.600977356299594,0.543671761409979,0.592055540908692,0.16,0.0253164556962025,0.0344827586206897,0.58803529993359
22,10,205,0.574754485269116,0.425389075373818,0.724743564931295,0.619419128337884,0.666315141928113,0.12,0.00180831826401447,0.0862068965517241,0.587380902444907
15,38,2036,0.472168330099806,1,0.714437778207858,0.451328061278769,0.595482907109588,0.08,0.0253164556962025,0.155172413793103,0.587321629101291
15,121,5904,0.767306038362302,0.541959108941105,0.571801819237469,0.676052342281641,0.518411108181738,0,0.00180831826401447,0.0689655172413793,0.587044218354413
19,6,108,0.545372722363342,0.309124198962466,0.823253338494291,0.531330898258804,0.715968011248792,0.08,0.0180831826401447,0.0517241379310345,0.586795993817473
19,10,220,0.867172030321819,0.297223069880989,0.456018966518289,0.722968899606369,0.559715264961772,0,0,0.0172413793103448,0.58513740933582
19,18,2598,0.392603556213373,0.266402197131523,0.625991871492162,0.384659030462073,0.551366552421127,0.64,0,0.0172413793103448,0.580929906978922
24,28,1039,0.3146388783327,0.595666768385719,0.548722663053997,0.300897194935991,0.411283944107567,0.6,0.173598553345389,0.0689655172413793,0.573791145043722
9,16,5157,0.350821049262956,0.602990540128166,0.616169924520999,0.398773006134969,0.591440372616223,0.12,0.0054249547920434,0,0.568561984745536
21,42,325,0.522431345880753,0.585901739395789,0.665328043352042,0.491719564523565,0.535108533263028,0.04,0.0235081374321881,0.0689655172413793,0.565710081212323
2,2,398,0.42720563233794,0.589563625267013,0.684342945616412,0.401893684173198,0.550399859390105,0.12,0.0325497287522604,0.0517241379310345,0.565078306174382
19,40,1422,0.411664699881993,0.504729935916997,0.637652409521966,0.354622504344126,0.456279110642411,0.24,0.198915009041591,0.0517241379310345,0.564869125555598
24,28,1110,0.704942296537792,0.415929203539823,0.512434681633443,0.634809745026419,0.414974953862378,0,0.00180831826401447,0.0172413793103448,0.563317506093284
31,41,220,0.675220513230794,0.441562404638389,0.48843622992065,0.628320153196922,0.431848141312945,0.16,0,0.0689655172413793,0.561849089057556
14,102,2728,0.763045782746965,0.495575221238938,0.62212115347397,0.689882619951062,0.626768608840847,0,0.0144665461121157,0.206896551724138,0.559117027719148
16,54,1107,0.398983939036342,0.62740311260299,0.554770659957422,0.375864392354339,0.470779506107742,0.28,0.0108499095840868,0.0517241379310345,0.556347910584982
13,83,1630,0.520851251075064,0.703997558742752,0.678101412812077,0.476648108088939,0.579664293874681,0,0.00180831826401447,0.137931034482759,0.554727783940925
21,141,1840,0.357521451287077,0.629539212694538,0.556754402941746,0.351430901805029,0.436857368837332,0.24,0.0235081374321881,0.0172413793103448,0.554388733706688
7,102,1616,0.440086405184311,0.58193469636863,0.462308883297852,0.408276889251392,0.331927234379119,0.32,0.00904159132007233,0.0172413793103448,0.550185156187034
23,1,626,0.452827169630178,0.541653951785169,0.735339655506096,0.46210858541083,0.658493716495298,0,0.0054249547920434,0.120689655172414,0.549377906810237
14,102,2695,0.558213492809569,0.429661275556912,0.535029998064641,0.507074718961665,0.502065207839002,0,0.00361663652802893,0.0172413793103448,0.548393719182878
11,20,1490,0.750305018301098,0.473909063167531,0.415424811302497,0.676726125039895,0.418050795324721,0,0,0.0862068965517241,0.547579512348057
31,50,476,0.588795327719663,0.521513579493439,0.588349138765241,0.544700166672577,0.531153879954302,0,0.0108499095840868,0.103448275862069,0.54750171746031
2,1,172,0.580614836890213,0.418980775099176,0.457615637700793,0.544912940175184,0.48440108972669,0.04,0,0.0172413793103448,0.547480114166102
11,5,315,0.587795267716063,0.364662801342691,0.497000193535901,0.54062200787262,0.487125406450479,0.04,0,0.0172413793103448,0.546548153898672
21,115,1586,0.482668960137608,0.536161122978334,0.620185794464873,0.435724671087627,0.479216099833026,0,0.0343580470162749,0.0517241379310345,0.543314228172464
2,4,1775,0.584735084105046,0.244125724748245,0.418327849816141,0.580197879357424,0.536250988663327,0.16,0,0.0344827586206897,0.542018925082812
1,5,413,0.374002440146409,0.478791577662496,0.561641184439714,0.347920139012022,0.475612971262853,0.36,0.0108499095840868,0.0689655172413793,0.540192167038344
2,4,1498,0.516751005060304,0.359475129691791,0.596042190826398,0.494875704812227,0.581861323490641,0,0,0.0517241379310345,0.539383294008826
3,4,298,0.543792627557653,0.411657003356729,0.545819624540352,0.585588141423455,0.519289920028122,0.12,0.0216998191681736,0.120689655172414,0.538577817055724
12,29,1267,0.449546972818369,0.4382056759231,0.499612928198181,0.401574523919288,0.33245452148695,0.24,0.0126582278481013,0,0.537405285019399
31,50,254,0.340460427625658,0.550503509307293,0.529804528740081,0.326039930493989,0.436857368837332,0.48,0.0669077757685353,0.120689655172414,0.536850457525565
25,6,1279,0.576654599275957,0.436679890143424,0.822624346816334,0.532146530018795,0.682485279901573,0.36,0.0433996383363472,0.362068965517241,0.536778338794071
8,19,805,0.237594255655339,0.544095209032652,0.428004644861622,0.222986630731586,0.312944898497232,0.4,0.311030741410488,0.0344827586206897,0.535320810432685
32,17,470,0.556393383603016,0.385413487946292,0.50783820398684,0.493386290293982,0.500659108884788,0.04,0.0198915009041591,0.0517241379310345,0.534840956182597
25,12,2988,0.514490869452167,0.433628318584071,0.578430423843623,0.481861058902798,0.470427981369189,0.16,0.0108499095840868,0.103448275862069,0.533934373414973
14,120,3226,0.580574834490069,0.440341776014648,0.487807238242694,0.546934288449945,0.460761051058968,0,0.00723327305605787,0.0689655172413793,0.531675590958824
11,20,1614,0.478348700922055,0.424778761061947,0.569963228178827,0.467073300471648,0.481588891818262,0.04,0.00723327305605787,0.0517241379310345,0.531381374171569
26,49,341,0.515170910254615,0.542874580408911,0.672005031933424,0.489201744742721,0.557957641269004,0,0.0144665461121157,0.172413793103448,0.527443507541045
14,69,1941,0.490509430565834,0.488251449496491,0.391377975614476,0.478953154367176,0.419456894278935,0,0.00361663652802893,0,0.527216554085094
18,17,799,0.552833169990199,0.352456515105279,0.465792529514225,0.504166814426043,0.448106160471043,0.04,0.0054249547920434,0.0344827586206897,0.526533186843676
11,7,336,0.486529191751505,0.406164174549893,0.518869750338688,0.445086705202312,0.467703664645399,0,0.180831826401447,0.0862068965517241,0.524656462323407
18,4,118,0.653759225553533,0.449191333536771,0.443826204760983,0.641795808361999,0.369276737850426,0,0.0470162748643761,0.120689655172414,0.524279661941085
25,6,1210,0.548132887973278,0.393042416844675,0.576591832784982,0.504592361431256,0.451182001933386,0,0.00904159132007233,0.0862068965517241,0.522396240263248
19,10,218,0.651879112746765,0.277082697589258,0.365250628991678,0.510514557253803,0.447051586255383,0,0.0054249547920434,0.0172413793103448,0.52054793996979
8,19,608,0.455267316038962,0.425389075373818,0.538562028256242,0.428313060746835,0.497143861499253,0,0.00904159132007233,0.0517241379310345,0.519854451944208
19,18,346,0.670240214412865,0.37320720170888,0.288562028256242,0.562856838894996,0.344582124967045,0,0.00180831826401447,0.0172413793103448,0.518953258857301
26,59,807,0.369182150929056,0.542569423252975,0.591107025353203,0.317954537394943,0.482467703664645,0.08,0.00723327305605787,0.0689655172413793,0.518361756192674
9,10,3295,0.315278916735004,0.425083918217882,0.532465647377589,0.359870917408419,0.509447227348625,0.08,0.00361663652802893,0.0172413793103448,0.517403912568451
1,1,83,0.632257935476129,0.343606957583155,0.273224308109154,0.530196106244902,0.320326918006855,0.16,0,0.0344827586206897,0.515616394955813
6,5,145,0.289357361441687,0.528227036924016,0.411989549061351,0.273378488598886,0.367343351788382,0.36,0.0253164556962025,0.0344827586206897,0.515216396764846
14,69,1998,0.483168990139408,0.46811107720476,0.436858912328237,0.473633816802014,0.38790754899376,0,0.0054249547920434,0.0344827586206897,0.515165702439816
14,99,2619,0.437446246774806,0.465059505645407,0.61558931681827,0.436894925351963,0.516829246858248,0.08,0.0108499095840868,0.137931034482759,0.51488760475845
26,49,532,0.491229473768426,0.526090936832469,0.77515966711825,0.467321536224689,0.630635380964935,0,0.0307414104882459,0.258620689655172,0.51453163364315
21,115,1246,0.464447866872012,0.462007934086054,0.536675053222373,0.436894925351963,0.404253449336497,0.08,0.0054249547920434,0.0862068965517241,0.513108349400577
27,4,232,0.429525771546293,0.512664021971315,0.436375072575963,0.42200078016951,0.314087353897531,0.24,0.0126582278481013,0.0862068965517241,0.510869053835354
14,72,2030,0.63825829549773,0.450411962160513,0.349574221017999,0.545764034185609,0.366640302311275,0,0.0144665461121157,0.0862068965517241,0.510649467163007
5,30,766,0.562393743624617,0.324076899603296,0.496419585833172,0.475052306819391,0.483522277880306,0,0.0162748643761302,0.0862068965517241,0.509911898848174
24,28,1074,0.467708062483749,0.464144034177601,0.404490032901103,0.446682506471861,0.395377449688022,0,0.0126582278481013,0.0344827586206897,0.508761203770837
13,47,934,0.228893733624017,0.53707659444614,0.360702535320302,0.222844781729849,0.274452939625626,0.8,0.0759493670886076,0.137931034482759,0.508612684838627
21,115,1552,0.35426125567534,0.464144034177601,0.524482291465067,0.334196248093904,0.406362597767818,0.04,0,0.0172413793103448,0.50717222892487
14,120,3087,0.288817329039742,0.582850167836436,0.493032707567254,0.266321500762438,0.372879866420599,0.08,0.0379746835443038,0.0172413793103448,0.507015211723974
30,192,4497,0.492129527771666,0.610314311870613,0.358283336558932,0.458775133869995,0.343439669566746,0,0.0108499095840868,0.0689655172413793,0.50668953374979
31,50,643,0.355261315678941,0.343606957583155,0.493806851170892,0.352778467321536,0.420335706125319,0.24,0.0126582278481013,0.0517241379310345,0.506327511193484
26,59,956,0.458327499649979,0.414098260604211,0.473872653377201,0.408560587254867,0.413568854908164,0.04,0.00723327305605787,0.0517241379310345,0.506048871505738
14,120,2969,0.370802248134888,0.524259993896857,0.5533191407006,0.37065144154048,0.479216099833026,0,0.0198915009041591,0.0862068965517241,0.505951973535484
6,8,238,0.440246414784887,0.464754348489472,0.417118250435456,0.430015248767687,0.434923982775288,0.16,0.0216998191681736,0.103448275862069,0.505841323683476
28,41,1682,0.49884993099586,0.364662801342691,0.477307915618347,0.442427036419731,0.375164777221197,0,0.00180831826401447,0.0344827586206897,0.505677250399977
23,2,195,0.501230073804428,0.36344217271895,0.404006193148829,0.471328770523777,0.429475349327709,0.12,0.0253164556962025,0.0862068965517241,0.505617832556472
21,115,1205,0.376862611756705,0.506866036008544,0.546255080317399,0.359835455157984,0.422356973372001,0.04,0.0108499095840868,0.0689655172413793,0.505612951447258
24,35,1274,0.499529971798308,0.517241379310345,0.403909425198374,0.456115465087414,0.372352579312769,0.04,0.0180831826401447,0.0862068965517241,0.504861131369218
14,102,2675,0.479928795727744,0.415013732072017,0.393942326301529,0.42980247526508,0.415150716231655,0,0.00180831826401447,0.0344827586206897,0.503219808799997
25,6,1477,0.461147668860132,0.361916386939274,0.488484613895878,0.399695024646264,0.412250637138589,0.36,0.0126582278481013,0.155172413793103,0.503063531794893
15,109,5472,0.456587395243715,0.422947818126335,0.512434681633443,0.436540302847619,0.437648299499077,0,0.0144665461121157,0.0862068965517241,0.502200435380713
6,5,146,0.338620317219033,0.28806835520293,0.352961099283917,0.340437604170361,0.368925213111873,0.32,0.0126582278481013,0,0.502167081683621
24,28,787,0.423565413924835,0.390906316753128,0.415763499129088,0.401822759672329,0.335266719395377,0.04,0.00361663652802893,0,0.501094134540279
5,30,734,0.286857211432686,0.558742752517547,0.475711244435843,0.259938295684244,0.369979787327533,0.44,0.0777576853526221,0.155172413793103,0.500346973537116
31,50,639,0.404184251055063,0.555691180958193,0.599138765240952,0.381112805418632,0.501186395992618,0.28,0.0524412296564195,0.258620689655172,0.499789255935636
15,24,671,0.42810568634118,0.448275862068966,0.574414553899748,0.412851519557431,0.480182792864048,0,0.0126582278481013,0.120689655172414,0.499441967706223
13,40,731,0.3702222133328,0.588037839487336,0.529223921037352,0.356572928118018,0.413656736092803,0.32,0.0343580470162749,0.206896551724138,0.499138202991217
25,6,887,0.452627157629458,0.345437900518767,0.627007934971937,0.433277775807653,0.48114948589507,0,0.0126582278481013,0.120689655172414,0.499008951715374
24,35,1247,0.456347380842851,0.375038144644492,0.442616605380298,0.424341288698181,0.377273925652518,0,0.0144665461121157,0.0344827586206897,0.498663561546839
21,155,1934,0.461147668860132,0.517241379310345,0.355186762144378,0.429199617007695,0.26671939537745,0,0.00723327305605787,0.0172413793103448,0.498500395782502
22,10,761,0.323459407564454,0.410741531888923,0.518627830462551,0.325862619241817,0.457860971965902,0,0,0.0172413793103448,0.498482822319261
16,89,1977,0.397003820229214,0.438815990234971,0.38852332107606,0.362246888187524,0.3577643026628,0,0,0,0.494435432239057
13,47,960,0.446326779606776,0.581019224900824,0.574608089800658,0.416291357849569,0.480182792864048,0.2,0.0198915009041591,0.258620689655172,0.494245767696052
11,7,343,0.480508830529832,0.32316142813549,0.468163344300368,0.455583531330898,0.404956498813604,0,0.0144665461121157,0.0689655172413793,0.493994362749817
13,12,221,0.506890413424805,0.312786084833689,0.334188116895684,0.426078938969467,0.3577643026628,0,0,0,0.493770785678645
22,14,404,0.244614676880613,0.578272810497406,0.435794464873234,0.24270364197312,0.333596976887248,0.4,0.0614828209764919,0.120689655172414,0.493439642657087
32,56,1870,0.304518271096266,0.325907842538908,0.423214631314109,0.277350260647541,0.370858599173917,0.36,0.0235081374321881,0.0517241379310345,0.493018532840982
14,99,2564,0.545672740364422,0.392126945376869,0.269401974066189,0.467818007730771,0.284295632305123,0,0.00180831826401447,0.0172413793103448,0.490939948017635
21,120,1669,0.37032221933316,0.537992065913946,0.481710857364041,0.304159721975957,0.383777133315757,0.48,0.0560578661844485,0.241379310344828,0.488988193305283
2,2,501,0.428645718743125,0.349710100701861,0.503241726340236,0.416291357849569,0.493980138852272,0,0.00723327305605787,0.103448275862069,0.488875748795691
5,30,755,0.487409244554673,0.316447970704913,0.456164118443971,0.437285010106741,0.435099745144565,0,0.00361663652802893,0.0862068965517241,0.487740203582772
19,12,232,0.56261375682541,0.357644186756179,0.263257209212309,0.478527607361963,0.362246243079357,0,0.00723327305605787,0.0517241379310345,0.487634986249817
5,35,1184,0.487989279356761,0.512664021971315,0.642635958970389,0.446079648214476,0.527199226645575,0,0.0325497287522604,0.258620689655172,0.487325579494526
27,4,440,0.381822909374562,0.416234360695758,0.428343332688214,0.354764353345863,0.283856226381932,0,0.00180831826401447,0,0.486682950075034
14,102,2721,0.558693521611297,0.508086664632286,0.363605573833946,0.478988616617611,0.352052025661306,0,0.0126582278481013,0.137931034482759,0.486029152675627
19,6,102,0.373182390943457,0.313701556301495,0.477501451519257,0.322883790205326,0.413305211354249,0,0.0108499095840868,0.0172413793103448,0.485970017197684
8,37,1683,0.355461327679661,0.272810497406164,0.564157151151539,0.351750062058938,0.486246594604095,0.04,0.0452079566003617,0.0862068965517241,0.485701289984559
2,2,470,0.422265335920155,0.463838877021666,0.58128507838204,0.409730841519203,0.516741365673609,0,0.0307414104882459,0.189655172413793,0.485563739176354
5,35,1310,0.455307318439106,0.37778455904791,0.468937487904006,0.402922089435796,0.42024782494068,0.08,0.00180831826401447,0.120689655172414,0.484493863251427
7,102,1737,0.463407804468268,0.469026548672566,0.452777240178053,0.411929501046136,0.328763511732138,0.16,0.0144665461121157,0.155172413793103,0.483485391082997
30,192,4498,0.416464987899274,0.355202929508697,0.347638862008903,0.387070463491613,0.328060462255031,0,0,0,0.483443770516352
26,49,571,0.462167730063804,0.316447970704913,0.398345268047223,0.405829993971417,0.39871693470428,0,0.00723327305605787,0.0517241379310345,0.483356875675459
21,107,858,0.352601156069364,0.425999389685688,0.418956841494097,0.300187949927302,0.325511907900518,0,0,0,0.482325724507697
31,50,642,0.282656959417565,0.433323161428135,0.362347590478034,0.265222170998972,0.311187274804464,0.36,0.0144665461121157,0.0689655172413793,0.482230715151515
2,1,14,0.48028881732904,0.494659749771132,0.279998064640991,0.441930564913649,0.328587749362861,0,0.00361663652802893,0.0689655172413793,0.482218503082157
26,59,951,0.41752505150309,0.458346048214831,0.412473388813625,0.366005886733572,0.357324896739608,0,0.0144665461121157,0.0689655172413793,0.48192452663927
19,32,2661,0.517831069864192,0.171193164479707,0.327946584091349,0.451044363275293,0.441163546884612,0,0.0108499095840868,0.0344827586206897,0.481658036231717
26,49,590,0.298657919475169,0.347574000610314,0.410925101606348,0.274655129614525,0.362422005448633,0.12,0.00180831826401447,0,0.4816042475019
8,19,641,0.33139988399304,0.428440646933171,0.470969614863557,0.322741941203589,0.402144300905176,0,0.00723327305605787,0.0517241379310345,0.480775724716149
28,32,1125,0.589635378122687,0.245956667683857,0.324511321850203,0.542749742898684,0.219439318042007,0.04,0,0.0517241379310345,0.480712001480434
10,5,385,0.579014740884453,0.330790357033872,0.319576156377008,0.461966736409093,0.269004306178047,0,0,0.0517241379310345,0.480517988308937
2,2,444,0.313678820729244,0.36862984436985,0.476049932262435,0.314053689847158,0.41058089463046,0.12,0.00723327305605787,0.0689655172413793,0.480332990317107
31,50,265,0.255375322519351,0.550808666463229,0.427278885233211,0.249725167559133,0.334827313472186,0.24,0.054249547920434,0.103448275862069,0.480192007558134
2,2,538,0.37840270416225,0.346658529142508,0.404102961099284,0.356076456611937,0.401441251428069,0,0.0162748643761302,0.0344827586206897,0.479950849095811
7,102,1638,0.290997459847591,0.358864815379921,0.303609444551964,0.256321146139934,0.201160031637226,0.44,0,0.0172413793103448,0.47992287596256
6,8,236,0.46092765565934,0.321940799511749,0.297077607896265,0.432568530798965,0.286492661921083,0,0,0,0.47990072557874
15,119,5837,0.392883573014381,0.36862984436985,0.482775304819044,0.360190077662328,0.391071271640742,0,0.00723327305605787,0.0689655172413793,0.479588679283827
22,14,491,0.202792167530052,0.557522123893805,0.360847687245984,0.194368594631015,0.281395553212057,0.48,0.126582278481013,0.137931034482759,0.478971530154565
15,59,3044,0.549892993579615,0.325907842538908,0.477646603444939,0.464342707188198,0.381580103699798,0,0.00361663652802893,0.137931034482759,0.478919378353121
8,37,1642,0.243694621677301,0.384192859322551,0.395248693632669,0.22759672328806,0.319360224975833,0.04,0.282097649186257,0.0344827586206897,0.47887424962206
14,120,3068,0.214092845570734,0.433628318584071,0.259338107218889,0.162062484485265,0.200632744529396,0.4,0.273056057866184,0.0517241379310345,0.478763814446144
1,1,322,0.343260595635738,0.394263045468416,0.395297077607896,0.329798929040037,0.339309253888742,0.08,0.00723327305605787,0.0344827586206897,0.478571389883482
9,11,3628,0.393443606616397,0.485199877937138,0.446293787497581,0.398737543884535,0.396695667457597,0,0.027124773960217,0.120689655172414,0.478542629183622
16,54,1224,0.283777026621597,0.528227036924016,0.381120572866267,0.259654597680769,0.334827313472186,0.08,0.0144665461121157,0.0344827586206897,0.477862481781488
19,48,2002,0.373382402944177,0.275862068965517,0.491919876137023,0.346714422497252,0.426487389050004,0,0.0180831826401447,0.0517241379310345,0.477727692844101
14,120,3033,0.371342280536832,0.548672566371681,0.500822527578866,0.369516649526579,0.434572458036734,0,0.0162748643761302,0.155172413793103,0.477568410504751
15,26,1043,0.504070244214653,0.401891974366799,0.449390361912135,0.392247952055037,0.375428420775112,0,0.0144665461121157,0.120689655172414,0.477542653391861
15,82,4208,0.365801948116887,0.329264571254196,0.441987613702342,0.354693428844994,0.329290798839968,0,0.0054249547920434,0.0172413793103448,0.47747391776194
21,120,1663,0.301818109086545,0.550808666463229,0.456696342171473,0.294655838859534,0.364443272695316,0.08,0.0307414104882459,0.103448275862069,0.476881881217814
26,30,217,0.365641938516311,0.352456515105279,0.345606735049352,0.338877265151246,0.332102996748396,0.08,0.0054249547920434,0.0172413793103448,0.476838626743159
15,38,2024,0.252755165309919,0.575221238938053,0.389878072382427,0.243802971736586,0.354424817646542,0,0.00361663652802893,0.0172413793103448,0.476797476461052
14,98,2445,0.393643618617117,0.269453768690876,0.341010257402748,0.381892974928189,0.377273925652518,0,0.00180831826401447,0,0.476508286355546
24,28,1106,0.284917095025702,0.356728715288374,0.382233404296497,0.263129898223341,0.28719571139819,0.44,0.00723327305605787,0.0862068965517241,0.476281740763299
14,46,1597,0.494569674180451,0.393652731156546,0.207470485775111,0.437249547856307,0.318657175498726,0,0.0108499095840868,0.0344827586206897,0.475900124818916
20,566,2428,0.520591235474128,0.555996338114129,0.256241532804335,0.468810950742934,0.149573776254504,0,0.0144665461121157,0.0689655172413793,0.475878382777801
1,1,326,0.310158609516571,0.292950869697894,0.454712599187149,0.29582609312387,0.391774321117849,0,0,0,0.474542249264333
14,102,2677,0.419825189511371,0.421727189502594,0.327946584091349,0.389269123018547,0.319887512083663,0,0.0126582278481013,0.0517241379310345,0.473614141226252
22,14,545,0.387823269396164,0.188281965212084,0.364379717437585,0.38125465442037,0.371737411020301,0.04,0,0,0.47334770174865
14,102,2676,0.539832389943397,0.55721696673787,0.335397716276369,0.505337068690379,0.349327708937516,0,0.0144665461121157,0.189655172413793,0.473261287945627
16,54,1191,0.41822509350561,0.480927677754043,0.380007741436036,0.379623390900387,0.312593373758678,0,0.0180831826401447,0.0862068965517241,0.473083977033973
11,20,1282,0.290337420245215,0.559047909673482,0.452341784401006,0.275187063371042,0.354952104754372,0,0.0054249547920434,0.0689655172413793,0.473039468551302
30,192,4474,0.37202232133928,0.484894720781202,0.288658796206696,0.364161849710983,0.321733016961069,0,0.00180831826401447,0.0344827586206897,0.472983074740118
31,50,625,0.524151449086945,0.443088190418065,0.27685310625121,0.477889286854144,0.226118288074523,0.08,0.00723327305605787,0.103448275862069,0.472498876615474
16,54,1268,0.335240114406864,0.465974977113213,0.503290110315464,0.32146530018795,0.418314438878636,0.08,0.0108499095840868,0.137931034482759,0.472134174703794
19,40,2124,0.48916935016101,0.307598413182789,0.211341203793304,0.397283591616724,0.301344582124967,0,0.0126582278481013,0,0.47193953687269
28,27,866,0.429345760745645,0.439731461702777,0.254548093671376,0.37490691159261,0.272519553563582,0.04,0.00904159132007233,0.0344827586206897,0.471664509673399
15,82,4228,0.425485529131748,0.472078120231919,0.482339849041997,0.379907088903862,0.409086914491607,0,0.0126582278481013,0.155172413793103,0.471603848826992
14,72,2024,0.544712682760966,0.335672871528837,0.323543642345655,0.319514876414057,0.191756744880921,0,0,0,0.471520081793044
5,35,1354,0.463987839270356,0.420506560878853,0.461099283917167,0.400687967658428,0.376570876175411,0,0.0054249547920434,0.137931034482759,0.471448437924398
24,28,775,0.51033061983719,0.385718645102228,0.245403522353397,0.44941309975531,0.218296862641708,0,0.00361663652802893,0.0344827586206897,0.470933111035579
7,102,1736,0.368862131727904,0.496795849862679,0.375991871492162,0.32958615553743,0.253009930573864,0.08,0.0108499095840868,0.0689655172413793,0.470819929705399
4,1,81,0.369242154529272,0.390296002441257,0.441068318173021,0.341253235930352,0.358906758063099,0,0.00904159132007233,0.0689655172413793,0.470291150873294
16,54,1221,0.409764585875153,0.472383277387855,0.464147474356493,0.396574346608036,0.431320854205115,0.12,0.0253164556962025,0.206896551724138,0.469881733895644
12,1,310,0.348840930455827,0.509917607567898,0.398006580220631,0.331040107805241,0.309429651111697,0.08,0.0307414104882459,0.103448275862069,0.469763146006333
1,1,156,0.340560433626018,0.462618248397925,0.347784013934585,0.32838043902266,0.314087353897531,0.04,0.0180831826401447,0.0517241379310345,0.469634125772576
15,61,3792,0.462247734864092,0.509917607567898,0.506435068705245,0.437214085605873,0.432814834343967,0,0.0198915009041591,0.224137931034483,0.469610703888778
7,102,1640,0.213212792767566,0.384192859322551,0.290932843042384,0.196319018404908,0.21495737762545,0.52,0.0253164556962025,0.0517241379310345,0.468975893306596
15,24,691,0.408484509070544,0.429661275556912,0.470195471259919,0.394482073832405,0.396080499165129,0,0,0.137931034482759,0.468511072543663
16,50,868,0.396683801028062,0.386328959414098,0.365976388620089,0.359019823397993,0.27208014764039,0.04,0.0198915009041591,0.0517241379310345,0.468480820721169
11,20,1508,0.362661759705582,0.177906621910284,0.470195471259919,0.363027057697081,0.423411547587661,0.04,0.00180831826401447,0.0517241379310345,0.468383836263144
6,8,248,0.384443066583995,0.44797070491303,0.458631701180569,0.374091279832618,0.41541435978557,0.12,0.0994575045207957,0.206896551724138,0.467931896164416
5,35,1351,0.392443546612797,0.445529447665548,0.486258951035417,0.370048583283095,0.382986202654012,0,0.0144665461121157,0.137931034482759,0.467794017391471
11,20,1495,0.409604576274576,0.36862984436985,0.331817302109541,0.369516649526579,0.275946919764478,0.12,0.00904159132007233,0.0689655172413793,0.467766033164096
30,109,2476,0.226433586015161,0.752822703692402,0.252999806464099,0.166353416787829,0.211354249055277,0.04,0.0216998191681736,0,0.467166358118294
16,103,2293,0.460147608856531,0.510222764723833,0.353444939036191,0.418312706124331,0.361718955971526,0,0.0325497287522604,0.155172413793103,0.467087946208536
10,5,148,0.405584335060104,0.2834909978639,0.390265144184246,0.354870740097167,0.33728798664206,0,0.00180831826401447,0.0344827586206897,0.466985924624942
19,40,2134,0.380222813368802,0.253280439426305,0.497677569189085,0.342529876945991,0.429651111696986,0,0.0198915009041591,0.0862068965517241,0.466463262187615
20,400,1784,0.373622417345041,0.406164174549893,0.367621443777821,0.346501648994645,0.258722207575358,0,0.0126582278481013,0.0344827586206897,0.466184184422879
24,35,1273,0.391963517811069,0.280439426304547,0.338542674666151,0.377495655874322,0.314702522189999,0,0.00361663652802893,0.0172413793103448,0.465503629544308
24,35,1304,0.440546432785967,0.394263045468416,0.39094251983743,0.417532536614774,0.3502065207839,0,0.0235081374321881,0.120689655172414,0.465493022740543
19,21,491,0.322479348760926,0.315837656393042,0.450454809367138,0.314053689847158,0.382283153176905,0.04,0.139240506329114,0.103448275862069,0.465400433628807
15,13,416,0.240274416464988,0.447055233445224,0.411844397135669,0.225362601510692,0.326127076192987,0,0.00180831826401447,0,0.465247204301357
15,121,5881,0.528911734704082,0.456209948123283,0.378652990129669,0.471257846022909,0.368222163634766,0,0.0144665461121157,0.189655172413793,0.464875571148545
15,38,2025,0.340500430025802,0.444003661885871,0.350880588349139,0.308379729777652,0.304332542402672,0,0.00180831826401447,0.0344827586206897,0.464645699484308
28,9,165,0.371602296137768,0.391211473909063,0.405022256628605,0.321926309443597,0.356182441339309,0,0.0054249547920434,0.0689655172413793,0.464447318052625
25,12,2691,0.351081064863892,0.413793103448276,0.500677375653184,0.32508244973226,0.416556815185869,0.08,0.0216998191681736,0.155172413793103,0.464337338667234
5,30,907,0.52619157149429,0.483674092157461,0.216615057093091,0.429767013014646,0.27963792951929,0,0.0144665461121157,0.103448275862069,0.464000738180469
21,42,339,0.323239394363662,0.490082392432103,0.464970001935359,0.315968651370616,0.340012303365849,0.08,0.0379746835443038,0.137931034482759,0.463845432356362
14,69,1935,0.430165809948597,0.459871833994507,0.42766595703503,0.438597113372815,0.422181211002724,0.2,0.0343580470162749,0.258620689655172,0.463697790340443
