"entidad","municipio","seccion","pobtot","p_60ymas","p18ym_pb","pea","vph_inter","num_zu","num_ss","num_farm"
27,1,1,4186,394,1199,2034,391,1,1,1
27,1,2,3205,326,1109,1573,297,1,6,1
27,1,3,1373,205,586,696,193,1,2,1
27,1,4,1323,240,533,745,175,1,4,4
27,1,5,2193,267,871,1122,294,1,2,1
27,1,6,770,172,276,419,117,1,10,4
27,1,7,1515,240,534,753,135,1,1,1
27,1,8,1908,207,227,993,11,1,1,1
27,1,9,1741,266,366,946,150,1,1,1
27,1,10,365,49,59,251,4,1,1,1
27,1,11,676,99,127,311,15,1,1,1
27,1,12,896,117,127,553,11,1,1,1
27,1,13,1593,187,310,700,40,1,1,1
27,1,14,964,140,274,525,66,1,5,7
27,1,15,1009,160,279,512,70,1,4,1
27,1,16,1011,120,264,523,74,1,8,1
27,1,17,1343,157,288,674,67,1,1,1
27,1,18,1622,197,168,807,11,1,1,1
27,1,19,366,54,69,207,10,1,1,1
27,1,20,893,112,181,573,49,1,1,1
27,1,21,367,66,52,225,9,1,1,1
27,1,22,1120,187,155,686,41,1,1,1
27,1,23,1319,172,178,565,15,1,1,1
27,1,24,2918,300,503,1297,222,1,1,1
27,1,25,1099,124,172,533,63,1,1,1
27,1,27,784,145,161,332,18,1,1,1
27,1,28,1043,149,198,525,22,1,1,1
27,1,29,1079,98,98,441,21,1,1,1
27,1,30,1526,228,143,860,57,1,1,1
27,1,31,196,57,24,141,0,1,1,1
27,1,32,447,73,47,272,1,1,1,1
27,1,33,468,67,47,198,13,1,1,1
27,1,34,471,45,73,296,2,1,1,1
27,1,35,1471,266,303,779,45,1,1,1
27,1,36,848,130,198,475,31,1,1,1
27,1,37,1572,240,257,974,57,1,1,1
27,1,38,1321,129,175,590,85,1,1,1
27,1,39,1157,164,216,609,75,1,1,1
27,1,40,1159,177,155,390,20,1,1,1
27,1,41,1158,139,118,553,59,1,1,1
27,1,42,2869,222,413,1609,220,1,1,1
27,1,43,1211,224,160,696,45,1,1,1
27,1,44,2278,179,309,1270,131,1,1,1
27,1,45,1396,194,197,907,59,1,1,1
27,2,46,1272,109,361,581,160,1,1,3
27,2,47,7530,644,1762,3485,687,1,3,1
27,2,48,3096,297,916,1640,311,1,1,1
27,2,49,1357,143,452,597,194,1,2,1
27,2,50,2091,240,765,964,315,1,1,1
27,2,51,1868,196,635,842,249,1,1,1
27,2,52,2190,212,796,1000,308,1,1,1
27,2,53,2175,195,923,1104,369,1,1,1
27,2,54,1446,191,502,717,209,1,1,1
27,2,55,3002,296,1218,1637,596,1,1,1
27,2,56,2274,254,762,1076,335,1,1,1
27,2,57,559,79,197,270,88,1,1,1
27,2,58,766,119,307,374,127,1,1,2
27,2,59,931,133,417,434,179,1,3,1
27,2,60,1127,158,501,483,211,1,2,1
27,2,61,528,105,176,258,80,1,3,1
27,2,62,931,134,334,511,146,1,1,1
27,2,63,3973,402,1532,2020,689,1,4,1
27,2,64,1221,151,471,607,227,1,3,1
27,2,65,967,183,434,477,188,1,4,1
27,2,66,578,135,255,301,111,1,12,2
27,2,67,531,89,231,281,98,1,13,9
27,2,68,610,115,254,304,126,1,10,1
27,2,69,599,74,250,303,111,1,5,1
27,2,70,2568,285,1253,1200,510,1,1,1
27,2,71,5559,463,2320,2468,1047,1,2,2
27,2,72,1092,162,430,560,173,1,38,14
27,2,73,680,103,282,327,126,1,26,16
27,2,74,537,112,260,266,107,1,14,3
27,2,75,1205,194,578,603,228,1,2,1
27,2,76,963,125,364,457,163,1,1,1
27,2,77,785,118,347,354,161,1,1,1
27,2,78,1211,195,515,589,238,1,1,1
27,2,79,979,162,434,467,176,2,3,1
27,2,80,716,104,268,373,113,1,18,5
27,2,81,2229,304,872,1037,385,1,1,1
27,2,82,519,84,215,256,83,1,4,1
27,2,83,1318,269,601,511,270,1,1,1
27,2,84,1934,192,843,891,342,1,1,1
27,2,85,1980,317,973,899,439,1,2,1
27,2,86,3746,332,1484,1644,754,1,1,1
27,2,87,3256,287,901,1525,448,1,1,1
27,2,88,2724,377,1242,1164,511,1,3,1
27,2,89,2906,321,680,1213,338,1,1,1
27,2,90,1994,153,180,1062,2,1,1,1
27,2,91,1691,170,238,642,17,1,1,1
27,2,92,1605,207,309,861,23,1,3,1
27,2,93,1379,225,356,590,51,1,3,3
27,2,94,929,174,253,374,51,1,5,2
27,2,95,1895,176,281,820,18,1,2,1
27,2,96,1433,106,82,592,1,1,1,1
27,2,97,1408,98,154,566,24,1,1,1
27,2,98,2568,177,339,911,14,1,1,1
27,2,99,3300,236,388,1537,13,1,1,1
27,2,100,2808,236,267,998,46,1,4,4
27,2,101,2285,252,332,825,18,1,1,1
27,2,102,984,134,129,445,7,1,1,1
27,2,103,2451,209,235,1111,10,1,1,1
27,2,104,431,37,31,259,0,1,1,1
27,2,105,2518,236,333,1177,20,1,1,1
27,2,106,2204,204,198,1196,1,1,1,1
27,2,107,1450,207,256,908,20,1,1,1
27,2,108,613,67,49,332,10,1,1,1
27,2,109,2027,220,271,1099,16,1,1,1
27,2,110,3536,307,342,1755,98,1,2,3
27,2,111,1345,97,143,662,2,1,1,1
27,2,112,1289,171,209,456,2,1,1,1
27,2,113,1154,132,366,696,50,1,2,1
27,2,114,762,121,267,482,52,1,4,6
27,2,115,1126,158,265,772,25,1,1,1
27,2,116,990,138,206,734,13,1,1,1
27,2,117,542,60,101,347,4,1,1,1
27,2,118,1538,129,178,740,34,1,1,1
27,2,119,1809,169,175,915,19,1,1,1
27,2,120,1790,233,197,794,78,1,1,3
27,2,121,2275,233,303,836,67,1,1,1
27,2,122,3069,241,335,1141,32,1,1,1
27,2,123,1486,155,187,600,18,1,1,1
27,2,124,1589,137,188,724,8,1,1,1
27,2,125,2525,269,595,1169,105,1,1,1
27,2,126,1342,145,246,649,15,1,1,1
27,2,127,1167,108,233,507,57,1,1,1
27,2,128,2337,202,452,920,68,1,2,1
27,2,129,2326,228,346,1289,37,1,1,1
27,2,130,2775,237,435,1466,62,1,1,1
27,2,131,2403,206,294,1154,26,1,1,1
27,2,132,2857,254,418,1134,54,1,2,3
27,2,133,1600,191,309,635,39,1,1,1
27,2,134,2764,259,334,1149,79,1,1,2
27,2,135,662,77,141,485,31,1,1,1
27,2,136,2091,128,247,983,40,1,1,1
27,2,137,1463,169,331,537,88,1,1,1
27,2,138,2065,244,444,801,111,1,3,3
27,2,139,3631,327,745,1423,142,1,1,1
27,2,140,1661,187,347,667,89,1,1,1
27,2,141,1992,154,348,886,32,1,1,1
27,2,142,1572,153,292,694,50,1,1,5
27,2,143,2408,192,307,848,133,1,1,1
27,2,144,3263,275,442,1445,139,1,3,4
27,2,145,2236,202,447,968,86,1,1,1
27,2,146,3446,363,762,1467,162,1,1,1
27,2,147,2184,235,485,911,114,1,1,1
27,2,148,3418,293,775,1684,213,1,4,2
27,2,149,1575,187,389,794,104,1,1,1
27,2,150,1885,205,234,723,52,1,1,1
27,2,151,909,85,179,391,39,1,1,1
27,2,152,4350,443,1251,1893,375,1,1,1
27,2,153,1095,92,156,509,20,1,1,1
27,2,154,3963,298,618,1637,100,1,1,1
27,2,155,4054,310,752,1925,245,1,8,3
27,2,156,2323,172,385,915,138,1,1,1
27,2,157,3470,306,511,1528,197,1,1,1
27,2,158,1125,189,309,458,213,1,2,1
27,2,159,2085,228,442,1080,170,1,1,1
27,2,160,2884,277,547,1324,79,1,1,1
27,2,161,460,32,111,232,31,1,1,1
27,2,162,6056,437,2023,2710,585,1,1,1
27,2,163,3127,271,521,1134,90,1,3,2
27,2,164,1902,227,373,915,81,1,1,1
27,2,165,2920,302,803,1415,300,2,1,1
27,2,166,2498,201,473,1155,407,1,1,1
27,2,167,743,67,185,323,75,1,1,1
27,3,168,1229,163,409,549,94,1,1,1
27,3,169,3800,317,1141,1618,239,1,1,1
27,3,170,1895,175,703,816,214,1,1,1
27,3,171,1294,189,513,580,133,1,1,1
27,3,172,636,112,309,321,123,1,3,1
27,3,173,573,118,293,285,135,1,7,8
27,3,174,649,131,329,330,126,1,8,1
27,3,175,1231,194,507,565,135,1,4,2
27,3,176,2261,234,809,1069,220,1,1,1
27,3,177,2648,227,949,1199,307,1,3,2
27,3,178,1048,154,401,474,129,1,1,1
27,3,179,1888,161,525,936,122,1,1,1
27,3,180,1749,198,751,779,327,1,1,1
27,3,181,2669,193,883,1158,254,1,2,1
27,3,182,798,87,170,399,7,1,1,1
27,3,183,1177,128,234,539,43,1,1,1
27,3,184,1368,137,332,657,61,1,1,1
27,3,185,528,53,117,242,11,1,1,1
27,3,186,1194,123,233,516,24,1,1,1
27,3,187,640,71,182,285,34,1,1,1
27,3,188,490,25,55,195,10,1,1,1
27,3,189,2477,266,562,1350,64,1,1,1
27,3,190,1148,122,251,501,20,1,1,1
27,3,191,739,100,152,445,73,1,1,1
27,3,192,2479,306,632,1295,464,1,1,1
27,3,193,761,50,89,348,13,1,1,1
27,3,194,793,61,173,572,1,1,1,1
27,3,195,741,78,156,464,0,1,1,1
27,3,196,3708,347,819,1432,67,1,1,1
27,3,197,2459,206,557,1165,13,1,1,1
27,3,198,2648,163,566,1041,73,1,1,1
27,3,199,1397,97,368,717,18,1,1,1
27,3,200,2429,208,578,1233,44,1,1,1
27,3,201,2422,251,418,1420,15,1,1,1
27,3,202,3248,297,686,1678,20,1,1,1
27,3,203,3541,286,935,1574,39,1,1,1
27,3,204,4220,311,1093,1960,67,1,1,1
27,3,205,1923,234,517,932,57,1,1,1
27,3,206,2385,226,684,937,73,1,1,1
27,3,207,1870,256,702,762,76,1,5,4
27,3,208,1718,193,589,712,50,1,2,1
27,3,209,3275,345,1153,1418,123,1,8,2
27,3,210,3280,280,1105,1580,143,1,2,1
27,3,211,2673,272,987,1426,114,1,7,5
27,3,212,1762,173,555,1008,51,1,1,1
27,3,213,1714,203,627,898,67,1,5,1
27,3,214,2593,245,617,1179,170,1,1,1
27,3,215,204,36,61,78,29,1,1,1
27,3,216,1902,205,465,1224,185,1,1,1
27,3,217,724,70,143,495,4,1,1,1
27,3,218,657,71,101,361,1,1,1,1
27,3,219,291,38,57,159,4,1,1,1
27,3,220,2006,217,350,1017,11,1,1,1
27,3,221,503,33,55,223,0,1,1,1
27,3,222,1785,238,498,1004,29,1,1,1
27,3,223,2737,233,842,1473,85,1,3,4
27,3,224,3073,214,843,1647,86,1,1,1
27,3,225,1270,101,290,566,93,1,1,1
27,3,226,405,59,73,206,42,1,1,1
27,3,227,1653,174,328,992,62,1,1,1
27,3,228,1390,178,268,703,80,1,1,1
27,3,229,677,35,34,343,6,1,1,1
27,3,230,268,20,27,99,2,1,1,1
27,3,231,518,43,33,219,1,1,1,1
27,4,232,21475,1674,9013,11894,3568,7,8,6
27,4,233,1049,151,619,517,236,1,1,1
27,4,234,4286,516,1705,2187,687,1,5,2
27,4,235,1055,186,530,505,237,1,2,1
27,4,236,1015,146,541,529,229,1,1,1
27,4,237,4266,424,1429,2164,589,2,1,1
27,4,238,2322,324,983,1213,446,2,1,1
27,4,239,955,146,557,528,224,1,1,1
27,4,240,742,111,403,406,161,1,2,1
27,4,241,2635,311,1156,1418,458,1,2,1
27,4,242,3564,464,1604,1833,674,1,1,1
27,4,243,1560,248,766,832,293,3,6,1
27,4,244,1395,159,621,713,262,1,3,1
27,4,245,1729,230,800,880,387,1,1,2
27,4,246,1064,178,488,567,194,1,5,1
27,4,247,1235,177,509,617,214,1,1,1
27,4,248,1558,293,763,780,300,1,5,1
27,4,249,8747,740,3173,4636,1390,1,7,5
27,4,250,2171,374,1235,1151,487,1,8,1
27,4,251,3208,486,1576,1662,659,1,1,1
27,4,252,962,229,645,459,275,1,1,1
27,4,253,4540,512,2338,2218,1024,4,2,1
27,4,254,4881,474,1758,2588,688,1,4,4
27,4,255,1699,325,952,951,380,1,14,11
27,4,256,1257,299,822,567,364,1,1,1
27,4,257,1757,413,1286,966,527,5,10,1
27,4,258,723,168,434,340,202,1,1,1
27,4,259,1255,301,876,676,376,1,2,1
27,4,260,1777,195,648,1133,244,1,1,1
27,4,261,1389,368,984,822,390,2,7,1
27,4,262,964,287,602,434,269,1,2,1
27,4,263,718,85,512,411,257,1,1,1
27,4,264,1672,203,767,951,325,1,5,2
27,4,265,1164,305,803,547,338,1,2,2
27,4,266,735,91,518,447,257,2,1,1
27,4,267,2256,546,1504,1139,698,6,9,5
27,4,268,1940,349,1492,1122,654,2,4,1
27,4,269,1694,226,592,926,207,1,1,1
27,4,270,1798,224,578,1089,244,1,1,1
27,4,271,615,51,196,374,82,1,3,1
27,4,272,909,92,334,508,121,1,3,1
27,4,273,1926,323,990,1057,415,1,3,1
27,4,274,1593,291,847,788,337,1,88,4
27,4,275,1055,283,794,573,355,3,4,1
27,4,276,1010,212,783,579,356,1,6,1
27,4,277,1250,336,783,681,343,1,80,1
27,4,278,644,192,507,442,196,3,32,3
27,4,279,664,130,435,374,191,4,46,5
27,4,280,1931,260,694,1078,274,1,1,1
27,4,281,1815,250,593,886,255,1,1,1
27,4,282,1717,174,577,883,252,1,2,1
27,4,283,1475,176,494,745,256,1,1,1
27,4,284,531,112,259,305,109,1,32,15
27,4,285,573,93,237,337,95,2,10,7
27,4,286,805,146,432,467,176,1,14,2
27,4,287,613,121,339,342,125,1,7,4
27,4,288,695,154,382,386,184,1,23,4
27,4,289,1010,249,668,549,275,5,19,2
27,4,290,2440,240,770,1181,311,1,1,1
27,4,291,2135,245,1070,1148,453,1,4,2
27,4,292,614,126,331,337,130,4,34,8
27,4,293,631,136,371,333,133,1,56,3
27,4,294,720,165,409,402,174,1,17,2
27,4,295,620,124,327,327,139,1,7,1
27,4,296,541,79,292,321,123,1,2,1
27,4,297,1509,243,777,884,372,1,1,1
27,4,298,298,80,204,174,79,1,3,1
27,4,299,1073,240,659,599,271,1,16,1
27,4,300,1090,161,556,569,228,1,5,1
27,4,301,852,185,482,471,199,1,4,1
27,4,302,1826,209,920,1064,392,1,4,5
27,4,303,1354,209,589,674,255,1,3,2
27,4,304,2141,254,957,1113,393,1,6,1
27,4,305,1286,213,678,682,288,2,3,1
27,4,306,919,151,497,530,236,1,7,3
27,4,307,1097,219,654,591,287,1,10,1
27,4,308,760,97,388,419,165,1,4,1
27,4,309,568,149,372,309,149,1,19,3
27,4,310,858,167,478,465,185,1,18,2
27,4,311,897,147,493,538,224,1,3,1
27,4,312,1419,200,698,669,291,1,2,1
27,4,313,732,169,426,352,183,3,1,1
27,4,314,5798,704,2609,2922,982,1,1,2
27,4,315,2106,251,953,1163,399,1,1,4
27,4,316,1097,176,507,583,175,1,1,1
27,4,317,930,175,468,491,213,1,4,1
27,4,318,472,96,272,242,119,1,1,1
27,4,319,884,157,477,497,176,1,6,2
27,4,320,1676,253,821,935,306,1,7,3
27,4,321,695,178,418,367,168,2,14,3
27,4,322,722,122,360,387,155,1,1,1
27,4,323,1074,187,560,604,218,1,6,1
27,4,324,1023,179,438,569,184,1,21,1
27,4,325,931,148,487,489,183,1,1,1
27,4,326,1043,211,619,535,233,3,6,1
27,4,327,1157,188,510,626,200,1,1,1
27,4,328,1298,197,648,747,255,3,9,5
27,4,329,1118,178,555,584,215,1,1,1
27,4,330,957,180,460,530,211,1,1,1
27,4,331,815,165,428,450,155,1,1,1
27,4,332,1136,192,599,607,230,1,7,1
27,4,333,720,139,343,414,127,2,1,1
27,4,334,1533,223,615,769,252,1,3,2
27,4,335,768,165,413,382,179,1,4,1
27,4,336,525,110,279,253,111,1,1,1
27,4,337,1248,215,515,613,198,1,1,1
27,4,338,1038,235,661,495,231,1,3,2
27,4,339,604,99,339,298,132,1,1,1
27,4,340,1201,244,652,602,252,1,9,3
27,4,341,797,167,444,398,183,1,5,1
27,4,342,930,191,506,518,184,1,9,1
27,4,343,1282,202,585,668,221,1,6,1
27,4,344,1603,236,714,853,293,1,1,1
27,4,345,2992,371,1185,1612,491,1,1,1
27,4,346,113,16,88,67,34,1,1,1
27,4,347,1194,146,584,624,261,1,2,1
27,4,348,917,168,485,651,172,1,1,1
27,4,349,989,175,528,619,206,1,6,1
27,4,350,1631,285,861,828,393,1,1,2
27,4,351,898,193,530,432,237,1,5,3
27,4,352,1140,234,697,567,293,5,31,6
27,4,353,1088,213,584,575,229,2,1,1
27,4,354,1029,253,589,538,249,4,4,1
27,4,355,1045,164,492,546,195,1,2,1
27,4,356,1681,247,699,945,296,1,1,1
27,4,357,1244,209,542,680,220,1,1,1
27,4,358,1947,281,911,1074,329,1,7,2
27,4,359,2485,265,956,1289,374,2,2,1
27,4,360,2509,249,999,1334,340,1,1,1
27,4,361,2627,272,922,1336,353,1,2,2
27,4,362,1587,219,653,856,258,1,1,1
27,4,363,1065,216,735,589,326,1,3,1
27,4,364,988,180,557,552,249,1,86,4
27,4,365,1024,179,558,556,263,1,4,1
27,4,366,819,165,514,420,214,1,1,1
27,4,367,1122,236,640,566,276,1,1,1
27,4,368,1445,318,854,726,353,1,3,1
27,4,369,2534,496,1277,1303,506,1,1,1
27,4,370,635,157,349,310,164,1,1,1
27,4,371,1326,219,642,699,264,1,1,1
27,4,372,9923,998,3711,5466,1474,2,5,14
27,4,373,1197,158,463,620,181,1,1,1
27,4,374,711,111,278,362,107,1,1,1
27,4,375,1052,162,499,520,208,1,2,2
27,4,376,1283,256,725,589,306,1,2,1
27,4,377,1169,192,683,598,282,1,7,5
27,4,378,703,141,368,368,159,1,13,1
27,4,379,1362,232,639,735,271,1,2,1
27,4,380,820,160,528,442,204,1,1,1
27,4,381,1305,162,470,657,200,1,1,1
27,4,382,2492,305,1006,1273,354,1,2,2
27,4,383,2640,302,1038,1369,410,1,3,1
27,4,384,2269,253,848,1167,327,1,1,1
27,4,385,1169,203,661,605,322,1,1,2
27,4,386,1083,169,549,563,240,1,4,1
27,4,387,1118,186,561,598,232,1,1,1
27,4,388,1057,187,684,600,287,1,17,2
27,4,389,269,99,199,177,88,1,10,1
27,4,390,769,182,474,408,219,1,2,1
27,4,391,1507,258,763,775,289,1,7,1
27,4,392,1112,178,540,543,196,1,22,5
27,4,393,2157,273,882,1088,363,1,3,1
27,4,394,887,128,383,423,137,1,1,2
27,4,395,1173,158,514,635,204,1,1,1
27,4,396,863,143,354,443,144,1,1,1
27,4,397,1828,231,798,977,342,1,2,1
27,4,398,6812,543,3679,3570,1512,1,5,1
27,4,399,1403,211,673,697,240,1,1,1
27,4,400,1391,163,557,687,209,1,4,2
27,4,401,2977,489,1886,1609,770,1,8,3
27,4,402,1605,428,1118,1007,451,1,1,1
27,4,403,1418,216,664,702,250,1,1,1
27,4,404,2855,430,1632,1471,604,3,2,1
27,4,405,10078,882,3467,5024,1227,1,4,4
27,4,406,1239,210,609,632,239,2,1,1
27,4,407,1355,188,492,634,231,1,3,1
27,4,408,1835,241,924,963,382,1,1,1
27,4,409,1472,186,590,790,259,1,1,1
27,4,410,4734,416,1824,2752,844,2,4,2
27,4,411,1899,241,744,920,312,1,1,1
27,4,412,1139,160,413,576,223,1,1,1
27,4,413,1314,195,477,628,213,1,2,1
27,4,414,1432,190,591,750,247,1,2,1
27,4,415,4790,656,2814,2724,1199,1,7,1
27,4,416,8658,1252,5437,4378,2350,1,4,5
27,4,417,1181,250,848,674,355,1,4,2
27,4,418,4603,527,2519,2331,1053,2,2,1
27,4,419,708,77,175,332,97,1,1,1
27,4,420,2776,193,929,1012,320,1,1,1
27,4,421,3493,304,1456,1642,222,1,4,4
27,4,422,3854,343,1796,1765,289,1,13,4
27,4,423,4672,345,1938,2209,609,1,1,1
27,4,424,459,51,91,248,3,1,1,1
27,4,425,2759,197,941,1215,101,1,7,1
27,4,426,3302,226,1146,1456,106,1,5,5
27,4,427,1877,292,856,991,312,2,1,1
27,4,428,1829,319,893,976,279,1,2,1
27,4,429,2588,335,1166,1252,372,1,5,1
27,4,430,7277,313,3291,3681,1168,1,2,1
27,4,431,3587,372,1417,1624,460,1,3,2
27,4,432,1300,187,606,621,176,1,9,5
27,4,433,1373,224,628,747,170,1,13,3
27,4,434,1594,182,674,895,190,1,1,1
27,4,435,5758,572,2768,2933,952,1,3,1
27,4,436,1009,70,350,554,79,1,1,1
27,4,437,3041,181,935,1732,147,1,1,1
27,4,438,3732,320,1434,1814,325,1,1,1
27,4,439,1170,151,419,528,90,1,1,1
27,4,440,19090,1358,8847,9998,3224,1,2,1
27,4,441,2779,289,353,1530,14,1,1,1
27,4,442,303,49,60,172,5,1,1,1
27,4,443,5310,447,2355,2731,914,1,1,2
27,4,444,768,91,153,375,25,1,1,1
27,4,445,3258,288,1349,1663,449,1,2,2
27,4,446,6734,627,2267,3359,691,3,3,1
27,4,447,1189,134,224,670,26,1,1,1
27,4,448,1458,187,338,690,31,1,1,1
27,4,451,1567,164,327,888,41,1,1,1
27,4,452,14346,1019,6236,7385,2563,5,2,1
27,4,453,3207,276,1036,1675,359,1,1,1
27,4,454,1244,149,263,583,76,1,1,1
27,4,455,1240,132,177,675,124,1,1,1
27,4,456,2011,195,490,1088,121,1,1,1
27,4,457,1895,237,693,1029,279,1,1,1
27,4,458,4334,355,1108,2219,341,2,1,1
27,4,459,0,0,0,0,0,1,1,1
27,4,460,4056,434,1008,2063,150,1,1,1
27,4,461,1615,149,423,760,70,1,1,1
27,4,462,5390,417,1081,2683,225,1,1,1
27,4,463,2941,231,559,1527,255,1,1,1
27,4,464,5131,476,1352,2396,620,1,1,1
27,4,465,4364,380,1583,2194,557,2,2,1
27,4,466,2599,253,924,1365,465,1,1,1
27,4,467,13498,1075,5550,7084,2135,3,5,1
27,4,468,2263,241,633,1121,107,1,1,1
27,4,469,3307,315,683,1621,123,1,1,1
27,4,470,7686,777,3584,4196,1375,2,2,1
27,4,471,1994,197,888,1159,343,1,1,1
27,4,472,1574,189,306,697,54,1,1,1
27,4,473,1757,191,715,871,280,1,1,1
27,4,474,9281,761,2585,4442,819,1,1,1
27,4,475,3666,327,834,1886,229,1,1,1
27,4,476,10074,813,3046,5160,983,1,1,1
27,4,477,1210,94,242,792,76,1,1,1
27,4,478,1333,157,244,624,122,1,1,1
27,4,479,4809,472,2219,2537,800,1,1,1
27,4,480,8363,740,3421,4143,1363,2,4,3
27,4,481,5281,547,1416,2519,388,1,1,1
27,4,482,2245,220,644,1066,239,1,1,1
27,4,483,2673,291,1572,1407,606,1,1,1
27,4,484,5318,701,2544,2749,987,2,12,2
27,4,485,2249,350,1129,1147,450,1,10,3
27,4,486,9031,663,4379,4601,2067,1,5,2
27,4,487,3786,338,1937,1935,904,1,1,1
27,4,488,1027,103,462,551,233,1,1,1
27,4,489,2321,304,570,1011,91,1,1,1
27,4,490,2427,272,642,1215,162,1,1,1
27,4,491,3238,333,691,1526,179,1,1,1
27,4,492,3137,293,763,1503,189,1,1,1
27,4,493,1453,183,344,676,53,1,1,1
27,4,494,5600,495,1872,2759,620,1,1,1
27,4,495,2318,221,475,1066,74,1,1,1
27,4,496,1733,157,375,723,110,1,1,1
27,4,497,2362,261,603,1045,189,1,1,2
27,4,498,3207,335,752,1513,222,1,2,3
27,4,499,806,103,194,407,34,1,1,1
27,4,500,14426,1095,5439,7200,2139,1,3,1
27,4,501,2077,288,617,994,186,1,7,3
27,4,502,15463,1109,5704,7552,2146,1,13,3
27,4,503,5526,548,1631,2603,542,1,5,3
27,4,504,1778,245,512,840,88,1,1,1
27,4,505,1792,235,481,730,69,1,1,1
27,4,506,14504,826,4306,6456,1908,1,1,1
27,4,507,1743,205,286,780,41,1,1,1
27,4,508,2326,276,697,1084,361,1,1,1
27,4,509,688,104,129,266,0,1,1,1
27,4,510,648,61,85,323,11,1,1,1
27,5,512,1527,251,888,665,382,1,1,1
27,5,513,5860,485,2926,2998,1167,1,6,1
27,5,514,667,111,281,322,102,1,2,1
27,5,515,1676,239,738,990,286,1,3,3
27,5,516,1409,224,639,719,224,1,9,3
27,5,517,1126,213,502,515,197,1,5,1
27,5,518,644,97,288,322,110,1,12,2
27,5,519,733,158,359,336,124,1,13,4
27,5,520,567,127,305,267,115,1,26,11
27,5,521,713,155,376,399,136,1,9,8
27,5,522,547,115,292,296,151,1,41,10
27,5,523,1405,203,752,659,302,2,2,1
27,5,524,654,120,330,299,140,1,20,6
27,5,525,2335,241,895,1180,293,1,1,3
27,5,526,486,83,227,231,82,1,1,1
27,5,527,809,122,390,345,138,1,7,4
27,5,528,4128,463,2109,2116,800,1,4,4
27,5,529,876,149,403,395,160,1,9,1
27,5,530,836,131,385,399,162,1,1,1
27,5,531,1998,300,855,863,274,1,1,1
27,5,532,913,158,391,419,150,1,1,1
27,5,533,1239,181,498,580,191,1,1,1
27,5,534,968,156,396,474,156,1,1,1
27,5,535,1111,155,447,506,156,1,1,1
27,5,536,1710,201,750,833,352,1,2,1
27,5,537,849,175,466,296,195,1,2,1
27,5,538,3128,346,596,1739,23,1,6,1
27,5,539,1362,114,226,894,8,1,1,1
27,5,540,1126,152,183,721,34,1,1,1
27,5,541,1244,131,224,676,16,1,1,1
27,5,542,2034,276,424,861,92,1,1,1
27,5,543,1737,159,324,645,87,1,1,1
27,5,544,1379,174,304,664,49,1,1,1
27,5,545,2857,349,553,1769,151,1,1,1
27,5,546,1509,192,283,611,46,1,1,1
27,5,547,1389,153,258,777,74,1,1,1
27,5,548,2091,204,377,1038,114,1,1,1
27,5,549,1817,192,366,926,71,1,1,1
27,5,550,2213,272,600,1512,95,1,1,1
27,5,551,3252,264,424,1737,83,1,1,1
27,5,552,2636,304,848,1235,111,1,1,1
27,5,553,1879,213,324,1102,46,1,1,1
27,5,554,2787,273,557,1282,122,1,1,1
27,5,556,880,110,150,580,10,1,1,1
27,5,557,4910,444,1137,2373,158,1,1,1
27,5,558,2226,221,417,1126,80,1,1,1
27,5,559,3502,285,726,1639,143,1,1,1
27,5,560,3002,298,807,1327,152,1,2,1
27,5,561,6,2,3,4,0,1,1,1
27,5,562,2431,235,667,989,160,1,5,1
27,5,563,1771,174,464,884,119,1,1,1
27,5,564,1090,160,357,473,99,1,10,4
27,5,565,2303,233,701,1014,175,1,7,1
27,5,566,1628,137,519,768,139,1,4,1
27,5,567,1498,158,562,716,168,1,3,1
27,5,568,2333,307,446,1359,47,1,1,1
27,5,569,2062,224,371,1045,34,1,1,1
27,5,570,5309,388,702,2535,30,1,1,1
27,5,571,2775,226,536,1163,65,1,1,1
27,5,572,2621,275,695,1203,159,1,5,3
27,5,573,2413,240,619,1270,141,2,1,1
27,5,574,2666,277,703,1287,119,1,3,1
27,5,575,7175,509,2378,3672,733,1,1,1
27,5,576,4218,440,895,2115,146,1,3,2
27,5,577,1897,152,322,991,28,1,1,1
27,5,578,3318,284,615,1656,126,1,1,1
27,5,579,1262,151,206,906,9,1,1,1
27,5,580,1199,97,199,632,15,1,1,1
27,5,581,3152,308,773,1358,137,1,1,1
27,5,582,2281,207,540,1108,58,1,1,1
27,5,583,2691,267,451,1537,50,1,1,1
27,5,584,1975,223,551,911,115,1,7,2
27,5,585,1636,187,448,774,102,1,10,2
27,5,586,2326,240,656,997,146,1,6,2
27,5,587,3623,416,815,2027,115,1,1,1
27,5,588,3417,327,382,1258,22,1,1,1
27,5,589,2811,196,582,1411,71,1,1,1
27,5,590,4531,423,1110,1985,252,1,3,1
27,5,591,1778,182,449,754,82,1,11,5
27,5,592,4317,265,557,2402,216,1,1,1
27,5,593,2287,228,494,940,57,1,1,1
27,5,594,3240,321,767,1816,136,1,1,1
27,5,595,1829,199,385,848,68,1,1,1
27,5,596,1836,199,336,652,13,1,1,1
27,5,597,1494,161,275,682,31,1,1,1
27,5,598,3233,286,466,1783,36,1,1,1
27,5,599,1553,127,179,797,12,1,1,1
27,5,600,3987,381,1352,1861,402,1,1,1
27,5,601,3595,260,461,1817,29,1,1,1
27,5,602,2524,195,300,1060,34,1,1,1
27,5,603,2229,221,267,882,55,1,1,1
27,5,604,1569,161,294,813,40,1,1,1
27,5,605,1040,120,264,492,122,1,1,1
27,5,606,2943,311,615,1350,55,1,1,1
27,5,607,2294,200,295,880,26,1,1,1
27,5,608,2495,301,394,1070,73,1,1,1
27,6,609,5596,468,1997,2866,594,1,8,7
27,6,610,2270,258,1108,1162,377,1,24,9
27,6,611,3446,336,1142,1649,355,1,4,1
27,6,612,1371,228,627,621,245,1,11,1
27,6,613,1585,229,805,831,287,1,9,2
27,6,614,2896,253,1132,1411,355,1,4,2
27,6,615,1322,218,554,565,202,1,4,1
27,6,616,2147,171,922,1044,344,1,1,1
27,6,617,2232,275,1129,1051,407,1,3,1
27,6,618,2320,251,335,1198,43,1,1,1
27,6,619,1987,174,217,925,12,1,1,1
27,6,620,2860,276,472,1243,75,1,2,1
27,6,621,2092,238,399,971,95,1,1,2
27,6,622,1536,133,166,639,36,1,1,1
27,6,623,1919,184,295,947,15,1,1,1
27,6,624,1944,214,323,865,51,1,1,1
27,6,625,2589,234,417,1162,63,1,1,1
27,6,626,1568,165,238,594,55,1,1,1
27,6,627,1535,183,211,742,28,1,1,1
27,6,628,2087,220,286,807,71,1,1,1
27,6,629,2362,197,461,1112,67,1,1,1
27,6,630,2249,213,507,1047,74,1,1,1
27,6,631,2350,269,564,1035,77,1,1,1
27,6,632,1591,164,390,718,59,1,1,1
27,6,633,2809,236,335,1534,44,1,1,1
27,6,634,1560,235,389,775,71,1,1,1
27,6,635,3376,309,556,1414,99,1,1,1
27,6,636,2454,260,523,1286,98,1,1,1
27,6,637,2139,213,528,941,76,1,1,1
27,6,638,2638,299,521,1345,108,1,1,1
27,6,639,2365,237,672,990,89,1,1,1
27,6,640,2656,249,332,975,70,1,1,1
27,6,641,2891,249,395,1146,77,1,1,1
27,6,642,4266,421,855,1960,213,1,4,1
27,6,643,1594,173,367,819,70,1,1,1
27,6,644,2137,287,444,893,70,1,1,1
27,6,645,3008,355,855,1376,250,1,14,7
27,6,646,1759,196,369,909,83,1,1,1
27,6,647,1896,269,605,836,67,1,1,1
27,6,648,1287,138,356,684,63,1,1,1
27,6,649,820,111,143,344,59,1,1,1
27,6,650,1710,186,205,771,50,1,1,1
27,6,651,2031,215,517,1236,74,1,1,1
27,6,652,2122,238,500,1227,211,1,1,1
27,6,653,698,66,154,478,22,1,1,1
27,6,654,5661,409,1343,2663,272,1,1,1
27,6,655,1407,175,251,588,89,1,1,1
27,6,656,3104,293,909,1259,136,1,1,1
27,6,657,1483,141,212,789,259,1,1,1
27,6,658,2423,212,576,1417,97,1,1,1
27,6,659,6862,505,1521,3307,267,1,1,1
27,6,660,1033,109,206,452,26,1,1,1
27,6,661,1331,174,290,639,53,1,1,1
27,6,662,2230,221,388,1187,57,1,1,1
27,6,663,4352,517,1162,2305,247,1,7,2
27,6,664,891,59,145,423,16,1,1,1
27,6,665,3870,328,839,1687,109,1,1,1
27,6,666,1903,138,325,984,32,1,1,1
27,6,667,2027,232,354,1006,21,1,1,1
27,7,668,2890,322,1143,1445,356,1,6,1
27,7,669,1166,187,426,554,126,1,6,4
27,7,670,832,179,372,445,136,1,3,3
27,7,671,1110,215,472,596,192,1,1,1
27,7,672,2568,293,963,1347,281,1,3,1
27,7,673,1176,236,468,622,151,1,14,5
27,7,674,5842,590,1757,2900,415,2,1,3
27,7,675,979,179,353,461,129,2,9,1
27,7,676,1585,231,561,800,193,1,3,1
27,7,677,5293,503,1913,2642,669,1,4,1
27,7,678,4397,503,1016,2154,168,1,7,3
27,7,679,1352,143,178,698,90,1,1,1
27,7,680,391,68,33,235,5,1,1,1
27,7,681,814,130,193,390,13,1,1,1
27,7,682,658,125,107,237,0,1,1,1
27,7,683,1236,215,260,564,46,1,1,1
27,8,684,2223,208,958,1047,334,1,3,1
27,8,685,1207,162,485,602,154,1,2,1
27,8,686,2214,223,774,1007,248,1,1,1
27,8,687,1814,224,767,950,251,1,7,3
27,8,688,809,166,397,425,156,1,8,2
27,8,689,1479,154,621,752,213,1,1,1
27,8,690,733,100,328,358,97,1,6,2
27,8,691,775,116,316,406,105,1,4,1
27,8,692,1234,220,591,657,197,1,14,4
27,8,693,1487,213,591,707,180,1,1,1
27,8,694,5763,496,1963,2539,529,1,1,1
27,8,695,1564,208,535,727,166,1,1,2
27,8,696,1046,167,443,546,121,1,12,4
27,8,697,2916,323,954,1548,298,1,14,4
27,8,698,1520,152,494,634,114,1,1,1
27,8,699,3080,316,784,1438,143,1,1,1
27,8,700,1396,216,515,751,147,1,6,3
27,8,701,957,125,342,483,114,1,1,1
27,8,702,764,127,320,363,94,1,2,4
27,8,703,2396,298,607,1196,148,1,4,1
27,8,704,1562,192,356,658,81,1,4,1
27,8,705,1058,108,177,667,21,1,1,1
27,8,706,3573,326,434,1581,80,1,1,1
27,8,707,3155,288,544,1399,27,1,1,1
27,8,708,1982,217,385,957,62,1,1,1
27,8,709,1208,112,161,517,20,1,1,1
27,8,710,2294,247,342,1134,84,1,1,1
27,8,711,1699,176,349,536,35,1,1,1
27,8,712,2362,243,489,826,61,1,1,1
27,8,713,1877,177,410,941,26,1,1,1
27,8,714,2497,262,484,1097,78,1,1,1
27,8,715,367,33,55,172,2,1,1,1
27,8,716,3106,253,447,1467,27,1,1,1
27,8,717,1376,141,246,444,19,1,1,1
27,8,718,2499,228,597,1234,215,1,1,1
27,8,719,2468,190,528,1035,197,1,2,2
27,8,720,2310,140,357,926,61,1,1,1
27,8,721,2312,177,357,937,99,1,2,1
27,8,722,3543,303,659,1314,191,1,1,2
27,8,723,3204,278,543,2040,75,1,1,1
27,8,724,11675,787,3492,5505,1078,1,1,1
27,8,725,3574,341,586,1906,208,1,1,1
27,8,726,1982,188,317,688,163,1,1,1
27,8,727,4303,291,555,1881,117,1,2,1
27,8,728,1514,183,366,884,177,1,1,1
27,8,729,4104,358,874,2202,145,1,3,1
27,8,730,2144,225,368,736,121,1,1,1
27,8,731,3050,270,549,1079,310,1,1,1
27,8,732,930,123,134,462,9,1,1,1
27,8,733,2725,282,534,1496,95,1,1,1
27,8,734,580,45,99,214,47,1,1,1
27,8,735,2239,188,275,848,46,1,1,1
27,8,736,2959,211,375,1454,52,1,1,1
27,8,737,1276,118,237,553,59,1,1,1
27,8,738,4362,404,1030,1955,207,1,1,1
27,8,739,713,71,85,282,4,1,1,1
27,8,740,253,23,11,141,1,1,1,1
27,8,741,2796,275,585,1289,101,1,1,1
27,8,742,2401,218,397,1100,44,1,1,1
27,8,743,3351,331,690,1542,85,1,1,1
27,8,744,1855,255,292,902,59,1,1,1
27,8,745,928,87,100,325,11,1,1,1
27,8,746,1820,149,313,751,32,1,1,1
27,8,747,4055,372,951,1826,225,1,1,1
27,8,748,3649,333,918,1809,214,1,1,1
27,8,749,1984,180,223,985,65,1,1,1
27,8,750,934,112,176,538,29,1,1,1
27,8,751,772,62,84,390,42,1,1,1
27,8,752,1072,115,189,639,108,1,1,1
27,8,753,668,89,147,396,14,1,1,1
27,8,754,1062,91,172,421,27,1,1,1
27,8,755,914,81,91,403,42,1,1,1
27,8,756,1084,161,153,679,40,1,1,1
27,8,757,2575,269,434,1219,99,1,1,1
27,8,758,1136,97,117,529,54,1,1,1
27,8,759,1643,218,231,774,21,1,1,1
27,8,760,2673,222,252,1187,83,1,1,1
27,8,761,388,33,35,158,7,1,1,1
27,8,762,1108,86,161,461,13,1,1,1
27,8,763,1214,154,193,479,17,1,1,1
27,8,764,1511,155,176,774,30,1,1,1
27,8,765,3950,327,576,1764,88,1,4,1
27,8,766,967,116,237,440,73,1,7,4
27,8,767,1295,143,244,486,40,1,1,1
27,8,768,1123,150,280,430,51,1,6,1
27,8,769,2068,163,335,912,18,1,1,1
27,8,770,1522,231,299,635,62,1,1,1
27,8,771,1259,151,213,678,30,1,1,1
27,8,772,697,78,57,328,37,1,1,1
27,8,773,1795,169,238,1083,47,1,1,1
27,8,774,1818,168,227,778,60,1,1,1
27,8,775,610,56,84,319,11,1,1,1
27,8,776,538,80,48,328,8,1,1,1
27,8,777,1549,126,138,874,11,1,1,1
27,8,778,1177,101,110,404,6,1,1,1
27,8,779,1598,126,190,648,37,1,1,1
27,8,780,1116,94,164,398,56,1,1,1
27,9,781,2691,318,1245,1629,234,1,12,4
27,9,782,1179,203,629,653,174,1,7,5
27,9,783,1112,180,517,584,144,1,1,1
27,9,784,645,69,121,434,22,1,1,1
27,9,785,1483,214,371,1057,121,1,1,1
27,9,786,1829,222,459,1201,192,1,1,1
27,9,787,990,116,205,490,54,1,1,1
27,9,788,1205,159,236,562,57,1,1,1
27,9,789,2164,242,526,1216,133,1,1,1
27,9,790,172,31,26,101,22,1,1,1
27,9,791,509,84,163,193,34,1,1,1
27,9,792,1585,215,482,744,73,1,1,1
27,9,793,1619,192,264,888,46,1,1,1
27,9,794,1665,237,372,981,91,1,1,1
27,9,795,1693,231,433,858,61,1,1,1
27,9,796,1016,155,195,427,19,1,1,1
27,9,797,92,9,9,30,0,1,1,1
27,9,798,1999,245,695,926,128,1,1,1
27,9,799,2048,248,362,1279,73,1,1,1
27,9,800,2433,246,621,1197,59,1,1,1
27,9,801,2064,194,443,1039,52,1,1,1
27,9,802,558,67,150,286,20,1,1,1
27,9,803,1373,232,480,718,98,1,1,1
27,9,804,1305,154,250,508,22,1,1,1
27,9,805,318,58,83,128,5,1,1,1
27,9,806,2053,284,352,851,74,1,1,1
27,9,807,638,80,129,246,43,1,1,1
27,9,808,1843,202,417,702,56,1,1,1
27,10,809,2153,241,1069,968,274,1,5,1
27,10,810,4532,466,1661,2073,476,1,10,1
27,10,811,1548,260,794,685,264,1,24,6
27,10,812,2952,354,1405,1232,381,1,2,1
27,10,813,2561,262,940,1052,196,1,2,1
27,10,814,722,136,402,317,96,1,5,3
27,10,815,2039,243,945,855,236,1,2,2
27,10,816,1248,196,679,563,178,1,3,3
27,10,817,1552,213,732,703,195,1,3,1
27,10,818,1675,122,291,846,49,1,1,1
27,10,819,1834,204,337,887,79,1,1,1
27,10,820,1180,99,281,539,29,1,1,1
27,10,821,2846,213,523,1362,86,1,1,1
27,10,822,4064,310,895,1804,100,1,1,1
27,10,823,4022,335,1070,1777,94,1,3,2
27,10,824,1566,97,401,666,42,1,1,1
27,10,825,3170,327,996,1239,184,1,6,2
27,10,826,2230,187,627,857,94,1,1,1
27,10,827,4612,443,1280,2131,197,1,1,1
27,10,828,1982,208,467,995,75,1,1,1
27,10,829,5176,609,1689,2561,278,1,5,3
27,10,830,395,34,198,166,39,1,1,1
27,10,831,1718,162,609,967,155,1,1,1
27,10,832,3411,370,1086,1645,255,1,1,1
27,10,833,1477,147,333,586,23,1,1,1
27,10,834,3070,344,715,1302,55,1,1,1
27,10,835,1510,158,397,891,41,1,1,1
27,10,836,1902,257,650,791,129,1,1,1
27,10,837,1577,140,514,709,188,1,1,1
27,10,838,3355,377,1121,1504,197,1,1,1
27,10,839,2572,281,878,1012,127,1,1,1
27,10,840,2378,257,750,1054,203,1,5,3
27,10,841,3311,347,1099,1498,283,1,2,1
27,10,842,3665,318,885,1702,115,1,1,1
27,10,843,1982,184,447,988,51,1,1,1
27,10,844,2461,205,443,948,33,1,1,1
27,10,845,2383,284,739,1255,158,1,1,1
27,11,846,2388,290,791,1167,192,1,1,1
27,11,847,1562,217,520,807,98,1,12,6
27,11,848,1389,204,527,681,105,1,4,1
27,11,849,1460,183,527,764,118,1,4,1
27,11,850,553,62,47,234,6,1,1,1
27,11,851,984,158,147,552,24,1,1,1
27,11,852,664,82,106,233,5,1,1,1
27,11,853,898,68,182,397,5,1,1,1
27,11,854,230,43,22,97,0,1,1,1
27,11,855,274,41,22,126,1,1,1,1
27,11,856,417,53,35,234,1,1,1,1
27,11,857,1970,188,376,890,43,1,1,1
27,11,858,1020,161,182,623,5,1,1,1
27,11,859,1881,193,206,790,1,1,1,1
27,11,860,1136,131,160,606,10,1,1,1
27,11,861,1616,184,243,864,18,1,1,1
27,11,862,728,93,97,371,4,1,1,1
27,11,863,1653,246,230,1114,12,1,1,1
27,11,864,495,40,74,294,4,1,1,1
27,11,865,1411,162,282,903,12,1,1,1
27,11,866,730,76,74,338,1,1,1,1
27,11,867,792,83,159,540,7,1,1,1
27,11,868,2600,204,636,1398,49,1,1,1
27,11,869,1725,216,234,942,6,1,1,1
27,11,870,1276,172,200,729,0,1,1,1
27,11,871,1099,139,181,763,1,1,1,1
27,12,872,2537,283,1011,1115,314,1,3,1
27,12,873,1100,191,512,518,199,1,2,1
27,12,874,1453,245,693,683,259,1,10,4
27,12,875,1278,220,583,574,216,1,6,1
27,12,876,1455,183,581,580,161,1,2,1
27,12,877,3813,363,1713,1751,488,1,2,1
27,12,878,2333,327,1088,1135,344,1,10,7
27,12,879,4194,362,1406,1923,415,1,4,5
27,12,880,1531,253,770,693,273,1,9,1
27,12,881,1791,309,933,891,364,1,19,16
27,12,882,1577,247,614,692,232,1,1,1
27,12,883,1715,208,658,768,226,1,1,1
27,12,884,3336,282,1229,1604,452,1,1,1
27,12,885,2893,355,945,1234,317,1,1,1
27,12,886,1758,171,210,832,2,1,1,1
27,12,887,683,92,105,371,1,1,1,1
27,12,888,327,24,49,131,0,1,1,1
27,12,889,1868,258,389,782,39,1,1,1
27,12,890,3341,414,568,1586,76,1,1,1
27,12,891,846,104,82,439,2,1,1,1
27,12,892,2593,295,561,1095,78,1,1,1
27,12,893,1156,177,303,555,35,1,1,1
27,12,894,852,92,190,535,19,1,1,1
27,12,895,1248,228,577,562,205,1,6,5
27,12,896,1007,155,477,405,203,1,1,1
27,12,897,2040,231,575,850,107,1,1,1
27,12,898,934,175,506,460,176,1,4,1
27,12,899,474,71,262,224,111,1,3,1
27,12,900,2319,251,591,1008,26,1,1,1
27,12,901,1813,229,605,826,166,1,1,1
27,12,902,1246,187,445,564,112,1,1,1
27,12,903,2034,236,697,811,114,1,1,1
27,12,904,318,33,48,204,0,1,1,1
27,12,905,2811,195,606,1561,52,1,1,1
27,12,906,1163,85,318,468,50,1,1,1
27,12,907,3028,281,950,1207,172,1,1,1
27,12,908,537,79,107,292,2,1,1,1
27,12,909,1920,142,337,1080,23,1,1,1
27,12,910,3309,206,1007,1588,48,1,2,1
27,12,911,3401,262,980,1397,79,1,1,1
27,12,912,1565,162,599,713,72,1,1,1
27,12,913,1273,183,535,606,77,1,12,8
27,12,914,1888,209,746,819,68,1,3,3
27,12,915,2405,217,845,1127,153,1,1,1
27,12,916,1430,160,595,682,87,1,10,4
27,12,917,1533,145,533,727,65,1,1,1
27,12,918,3624,251,978,1566,65,1,1,1
27,12,919,2600,180,427,845,5,1,1,1
27,12,920,446,83,98,167,5,1,1,1
27,12,921,263,32,42,147,0,1,1,1
27,12,922,3046,271,641,1468,35,1,1,1
27,12,923,3110,312,666,1488,37,1,1,1
27,12,924,1624,290,443,683,24,1,1,1
27,12,925,2363,227,439,1315,26,1,1,1
27,12,926,463,52,70,222,1,1,1,1
27,12,927,1237,123,309,638,71,1,1,1
27,12,928,4868,336,1235,2083,187,1,1,1
27,12,929,2046,233,660,808,79,1,1,1
27,12,930,2196,201,756,908,68,1,2,4
27,12,931,2457,239,766,1192,62,1,1,1
27,12,932,1369,129,181,735,1,1,1,1
27,12,933,1252,169,348,668,78,1,1,1
27,12,934,4544,496,1348,1922,445,1,3,1
27,12,935,1978,248,581,822,133,1,1,1
27,12,936,412,40,61,315,4,1,1,1
27,12,937,1072,104,157,497,2,1,1,1
27,12,938,3394,245,814,1726,27,1,1,1
27,12,939,2919,322,666,1298,14,1,1,1
27,12,940,1888,163,326,816,97,1,1,1
27,12,941,639,80,103,274,3,1,1,1
27,12,942,3477,235,815,1531,186,1,4,1
27,12,943,1859,219,332,878,23,1,1,1
27,12,944,802,85,136,446,5,1,1,1
27,12,945,3710,364,588,1827,142,1,1,1
27,12,946,2300,207,338,1114,71,1,1,1
27,12,947,2436,296,369,993,30,1,1,1
27,12,948,1949,191,482,983,38,1,1,1
27,12,949,786,133,75,424,10,1,1,1
27,12,950,1568,120,226,670,66,1,1,1
27,12,951,1314,141,183,659,48,1,1,1
27,12,952,1917,181,236,867,79,1,1,1
27,12,953,2326,165,382,888,10,1,1,1
27,13,954,1215,158,609,540,172,1,1,1
27,13,955,1990,237,962,1001,270,1,1,1
27,13,956,2662,283,1047,1327,285,1,3,1
27,13,957,1341,196,710,658,183,1,9,6
27,13,958,1608,234,813,972,240,1,4,3
27,13,959,2434,246,982,1365,255,1,15,3
27,13,960,3121,315,917,1701,115,1,1,1
27,13,961,804,50,155,314,0,1,1,1
27,13,962,2309,180,620,1208,97,1,1,1
27,13,963,3232,354,931,1873,163,1,1,1
27,13,964,4251,383,1344,2096,166,1,1,1
27,13,965,3849,326,1000,1994,95,1,1,1
27,13,966,1327,103,317,579,21,1,1,1
27,13,967,2670,292,1077,1437,147,1,1,1
27,13,968,2502,230,901,1268,140,1,1,1
27,13,969,3865,300,1145,1960,156,1,1,1
27,13,970,2485,193,622,1129,101,1,1,1
27,13,971,3845,332,1207,1782,216,1,5,2
27,13,972,3536,281,844,1436,103,1,1,1
27,13,973,1442,125,306,871,75,1,1,1
27,13,975,1258,155,480,784,95,1,1,1
27,13,976,1940,205,822,888,161,1,1,1
27,13,977,1439,193,497,675,133,1,1,1
27,13,978,1846,212,704,984,172,1,1,1
27,13,979,2679,252,835,1265,152,1,1,1
27,13,980,1046,99,444,536,126,1,1,1
27,13,981,3472,413,1315,2188,348,1,1,1
27,13,982,5473,524,1866,2693,602,1,3,1
27,13,984,2912,259,1029,1349,352,1,1,1
27,13,985,7547,629,3133,4033,1397,1,1,1
27,13,986,18622,1410,5727,9076,2499,1,6,2
27,13,987,3438,369,1455,1683,582,1,7,4
27,13,988,1773,229,764,833,344,1,3,1
27,13,989,2186,322,974,1071,372,1,2,1
27,13,990,3426,361,1545,1636,677,1,1,1
27,14,991,3032,289,1207,1437,403,1,1,1
27,14,992,740,137,405,405,204,1,2,1
27,14,993,1161,199,645,526,301,1,3,1
27,14,994,1462,232,673,721,253,1,8,2
27,14,995,1554,210,639,738,239,1,5,1
27,14,996,2334,239,885,923,255,1,2,1
27,14,997,1233,161,536,550,228,1,2,5
27,14,998,2948,250,1301,1391,505,1,5,2
27,14,999,1268,189,485,616,207,1,1,2
27,14,1000,950,192,508,433,190,1,32,5
27,14,1001,1199,165,549,546,221,1,2,1
27,14,1002,529,110,316,283,113,1,9,6
27,14,1003,1666,234,739,792,307,2,14,1
27,14,1004,1664,203,842,687,262,1,9,1
27,14,1005,2406,239,957,1022,373,2,3,4
27,14,1006,1295,142,235,566,18,1,1,1
27,14,1007,2287,220,420,1032,114,1,1,1
27,14,1008,1945,236,454,967,48,1,1,1
27,14,1009,1620,143,389,759,282,1,1,1
27,14,1010,1067,136,281,670,49,1,1,1
27,14,1011,986,96,246,499,108,1,1,1
27,14,1012,3198,305,631,1371,231,1,1,1
27,14,1013,2315,202,497,1163,279,1,1,1
27,14,1014,3068,318,724,1324,126,1,1,1
27,14,1015,901,144,326,443,78,1,1,1
27,14,1016,2281,341,613,1223,96,1,1,1
27,14,1017,1421,177,457,695,193,1,4,4
27,14,1018,1385,236,415,636,184,1,3,1
27,14,1019,2136,220,610,1002,95,1,1,1
27,14,1020,4331,329,1557,1924,464,1,1,1
27,14,1021,3231,279,837,1384,186,1,1,1
27,14,1022,6426,600,2580,2832,794,2,2,1
27,14,1023,3098,299,679,1709,143,1,1,1
27,14,1024,2338,213,496,1453,69,1,1,1
27,14,1025,4575,345,1696,1968,627,1,1,1
27,14,1026,2099,167,471,924,97,1,1,1
27,14,1027,3170,333,1013,1388,292,1,1,1
27,14,1028,2422,263,776,1094,191,1,1,1
27,14,1029,3049,261,516,1196,86,1,1,1
27,14,1030,1816,193,508,861,118,1,1,1
27,14,1031,861,69,122,478,122,1,1,1
27,14,1032,2575,296,718,1122,254,1,1,1
27,14,1033,2394,281,613,1054,111,1,1,1
27,14,1034,2048,194,452,899,140,1,1,1
27,14,1035,1646,185,482,1075,92,1,1,1
27,15,1036,2853,226,1109,1306,284,1,1,1
27,15,1037,1290,136,557,628,137,1,3,1
27,15,1038,2858,304,972,1260,219,1,8,3
27,15,1039,1340,188,586,606,139,1,8,3
27,15,1040,1995,248,617,923,215,1,9,3
27,15,1041,1091,133,168,415,68,1,1,1
27,15,1042,1271,134,170,508,81,1,1,1
27,15,1043,273,33,38,119,5,1,1,1
27,15,1044,2101,279,322,1209,111,1,1,1
27,15,1045,909,93,129,356,34,1,1,1
27,15,1046,1764,163,415,819,154,1,1,1
27,15,1047,578,50,169,282,23,1,1,1
27,15,1048,486,42,83,232,8,1,1,1
27,15,1049,2534,268,464,1109,77,1,1,1
27,15,1050,2585,288,487,1023,83,1,1,1
27,15,1051,2814,367,480,1188,45,1,1,1
27,15,1052,2547,275,627,1150,52,1,2,1
27,15,1053,2527,325,638,1325,63,1,3,1
27,15,1054,1542,140,252,691,5,1,1,1
27,15,1055,2394,203,435,1092,41,1,1,1
27,15,1056,2349,248,366,958,94,1,1,1
27,15,1057,927,130,120,504,2,1,1,1
27,15,1058,1442,164,263,534,3,1,1,1
27,15,1059,1211,115,152,608,3,1,1,1
27,15,1060,2009,250,674,1081,150,1,1,1
27,15,1061,2571,296,690,1229,81,1,1,1
27,15,1062,1188,151,250,362,6,1,1,1
27,16,1063,2161,233,698,1090,330,1,4,1
27,16,1064,2944,287,980,1479,347,1,1,1
27,16,1065,2423,246,619,1137,163,1,2,1
27,16,1066,2171,260,763,1140,237,1,4,1
27,16,1067,3497,314,949,1645,297,1,1,1
27,16,1068,5537,511,2338,2750,765,1,7,3
27,16,1069,1346,202,615,654,222,1,19,9
27,16,1070,1803,297,702,897,246,1,8,8
27,16,1071,1424,219,588,740,198,1,4,1
27,16,1072,2139,296,760,1036,220,1,2,1
27,16,1073,1897,287,658,933,204,1,4,1
27,16,1074,1385,231,612,741,196,3,2,1
27,16,1075,897,87,91,454,77,1,1,1
27,16,1076,1152,112,119,582,52,1,1,1
27,16,1077,1607,182,263,760,197,1,1,1
27,16,1078,1901,173,214,817,85,1,1,1
27,16,1079,2067,180,273,1062,138,1,1,1
27,16,1080,1919,166,155,983,30,1,1,1
27,16,1081,2378,232,336,1188,82,1,1,1
27,16,1082,5315,503,962,2241,213,1,1,1
27,16,1083,3724,390,747,1836,628,1,1,1
27,16,1084,2441,191,449,1197,322,1,1,1
27,16,1085,472,58,71,246,4,1,1,1
27,16,1086,308,31,44,117,7,1,1,1
27,16,1087,363,54,56,173,7,1,1,1
27,16,1088,5447,501,983,2406,181,1,1,1
27,17,1089,834,115,219,508,62,1,1,1
27,17,1090,2970,334,911,1598,370,1,1,1
27,17,1091,1020,128,365,488,126,1,1,1
27,17,1092,557,119,259,317,131,1,15,3
27,17,1093,728,127,285,401,146,1,7,1
27,17,1094,1208,185,508,634,188,1,2,1
27,17,1095,982,106,510,491,198,1,1,1
27,17,1096,1446,236,592,750,222,1,12,9
27,17,1097,1099,195,478,273,175,1,4,1
27,17,1098,1486,193,529,570,179,1,2,1
27,17,1099,2394,268,946,1199,328,1,12,2
27,17,1100,4137,330,971,1987,301,2,5,1
27,17,1101,2158,220,621,1067,199,1,1,1
27,17,1102,1208,189,460,541,157,1,3,1
27,17,1103,1428,179,512,667,215,1,1,1
27,17,1104,4037,406,1121,1948,255,1,1,1
27,17,1105,2765,294,694,1322,173,1,1,1
27,17,1106,2985,222,863,1540,253,1,1,1
27,17,1107,1440,178,500,663,173,1,1,1
27,17,1108,1261,243,171,764,19,1,1,1
27,17,1109,817,107,82,348,3,1,1,1
27,17,1110,342,67,47,141,5,1,1,1
27,17,1111,1000,170,91,632,45,1,1,1
27,17,1112,501,89,53,304,26,1,1,1
27,17,1113,1630,241,363,736,96,1,1,1
27,17,1114,1213,232,215,599,61,1,1,1
27,17,1115,1537,204,276,765,40,1,1,1
27,17,1116,1280,115,156,719,56,1,1,1
27,17,1117,748,130,111,435,21,1,1,1
27,17,1118,1966,250,230,1155,78,1,1,1
27,17,1119,1301,199,220,717,71,1,1,1
27,17,1120,295,45,48,135,3,1,1,1
27,17,1121,1606,228,350,713,44,1,1,1
27,17,1122,831,113,122,503,8,1,1,1
27,17,1123,1093,135,134,682,16,1,1,1
27,17,1124,494,55,69,293,8,1,1,1
27,17,1125,1435,111,117,871,81,1,1,1
27,17,1126,919,156,74,596,15,1,1,1
27,17,1127,1229,178,204,727,24,1,1,1
27,17,1128,1583,155,225,959,53,1,1,1
27,17,1129,301,36,23,176,24,1,1,1
27,17,1130,2246,172,280,1386,28,1,1,1
27,17,1131,970,97,124,659,11,1,1,1
27,17,1132,720,39,70,219,12,1,1,1
27,17,1133,297,13,108,123,43,1,1,1
27,13,1134,3929,321,1716,2007,640,1,1,1
27,13,1135,1426,117,888,820,381,1,1,1
27,13,1136,2193,102,952,1030,386,1,7,3
27,13,1137,3264,107,1523,1641,634,1,1,1
27,13,1138,1655,93,830,821,341,2,5,1
27,13,1139,3627,120,1686,1881,829,1,4,4
27,13,1140,4210,253,2163,2174,984,1,2,1
27,13,1141,3003,75,1405,1643,628,1,1,1
27,13,1142,3763,151,1721,1950,664,4,3,2
27,13,1143,4410,225,2013,2270,899,1,2,1
27,13,1144,7361,208,3327,3735,1210,1,1,1
27,5,1145,3028,279,674,1499,184,1,1,1
27,5,1146,1973,139,516,906,152,1,1,1
27,5,1147,3143,269,843,1530,350,2,1,1
27,4,1148,4123,422,1156,2113,414,1,1,1
27,4,1149,1423,146,335,593,130,1,1,1
27,13,1150,3017,313,1058,1322,126,1,1,1
27,13,1151,1393,89,419,732,72,1,1,1
